Workbook

Sheet Inputs
A1: Inputs & Assumptions
A4: Current SOL Price | B4: 142.75
A5: Start Date | B5: 45975
A6: Forecast Horizon (weeks) | B6: 52
A7: Base Weekly Return | B7: 0.012
A8: Bear Weekly Return | B8: -0.005
A9: Bull Weekly Return | B9: 0.025
A10: Weekly Volatility ( assumed) | B10: 0.06

Sheet Scenarios
A1: Scenario Table
A3: Scenario | B3: Weekly Return | C3: Description
A4: Base Case | B4: =Inputs!B7 -> 0.012 | C4: Neutral market conditions
A5: Bear Case | B5: =Inputs!B8 -> -0.005 | C5: Risk-off / high fear
A6: Bull Case | B6: =Inputs!B9 -> 0.025 | C6: Strong inflows / bullish sentiment
A8: Expected Weekly Return | B8: =AVERAGE(B4:B6) -> 0.010666667

Sheet SOLForecast
A1: Forecast Model
A3: Week | B3: Expected Weekly Return | C3: Forecasted Price
A4: 1 | B4: =ScenarioSelector!$B$4 -> 0.025 | C4: =Inputs!B4 -> 142.75
A5: 2 | B5: =ScenarioSelector!$B$4 -> 0.025 | C5: =C4 * (1 + B5) -> 146.31875
A6: 3 | B6: =ScenarioSelector!$B$4 -> 0.025 | C6: =C5 * (1 + B6) -> 149.97672
A7: 4 | B7: =ScenarioSelector!$B$4 -> 0.025 | C7: =C6 * (1 + B7) -> 153.72614
A8: 5 | B8: =ScenarioSelector!$B$4 -> 0.025 | C8: =C7 * (1 + B8) -> 157.56929
A9: 6 | B9: =ScenarioSelector!$B$4 -> 0.025 | C9: =C8 * (1 + B9) -> 161.50852
A10: 7 | B10: =ScenarioSelector!$B$4 -> 0.025 | C10: =C9 * (1 + B10) -> 165.54624
A11: 8 | B11: =ScenarioSelector!$B$4 -> 0.025 | C11: =C10 * (1 + B11) -> 169.68489
A12: 9 | B12: =ScenarioSelector!$B$4 -> 0.025 | C12: =C11 * (1 + B12) -> 173.92701
A13: 10 | B13: =ScenarioSelector!$B$4 -> 0.025 | C13: =C12 * (1 + B13) -> 178.27519
A14: 11 | B14: =ScenarioSelector!$B$4 -> 0.025 | C14: =C13 * (1 + B14) -> 182.73207
A15: 12 | B15: =ScenarioSelector!$B$4 -> 0.025 | C15: =C14 * (1 + B15) -> 187.30037
A16: 13 | B16: =ScenarioSelector!$B$4 -> 0.025 | C16: =C15 * (1 + B16) -> 191.98288
... A55: 52 | B55: =ScenarioSelector!$B$4 -> 0.025 | C55: =C54 * (1 + B55) -> 502.91345

Sheet ScenarioSelector
A1: Scenario Selector Dashboard
A3: Selected Scenario | B3: Bull Case | C3: =_xlfn.XLOOKUP(B3, Scenarios!A4:A6, Scenarios!C4:C6) -> Strong inflows / bullish sentiment
A4: Expected Weekly Return | B4: =_xlfn.XLOOKUP(B3, Scenarios!$A$4:$A$6, Scenarios!$B$4:$B$6) -> 0.025
A8: Projected 12-Month Price | B8: =SOLForecast!C55 -> 502.91345
A9: Projected 12-Month Return | B9: =(SOLForecast!C55 / Inputs!B4) - 1 -> 2.5230364

Sheet ScenarioSummary
A1: Scenario | B1: Weekly Return | C1: 12-Month Price | D1: 12-Month Return
A2: Base | B2: =Scenarios!B4 -> 0.012 | C2: =Inputs!$B$4 * (1 + B2)^Inputs!$B$6 -> 265.4378 | D2: =C2/Inputs!$B$4 - 1 -> 0.85945919
A3: Bear | B3: =Scenarios!B5 -> -0.005 | C3: =Inputs!$B$4 * (1 + B3)^Inputs!$B$6 -> 109.99585 | D3: =C3/Inputs!$B$4 - 1 -> -0.22945111 | F3: Row Labels | G3: Average of Weekly Return | H3: Average of 12-Month Return
A4: Bull | B4: =Scenarios!B6 -> 0.025 | C4: =Inputs!$B$4 * (1 + B4)^Inputs!$B$6 -> 515.48629 | D4: =C4/Inputs!$B$4 - 1 -> 2.6111123 | F4: Base | G4: 0.012 | H4: 0.85945919
F5: Bear | G5: -0.005 | H5: -0.22945111
F6: Bull | G6: 0.025 | H6: 2.6111123
F7: Grand Total | G7: 0.010666667 | H7: 1.0803735
